index,filename
151,PD16a2.png
203,PD6a2.png
141,PD13i2.png
188,PD3a1.png
152,PD16i1.png
102,MSA4a2.png
285,PSP8i2.png
132,PD11i1.png
185,PD2a2.png
94,MSA2a2.png
223,PSP11a2.png
50,MSA12a2.png
4,HC21i2.png
221,PSP10i2.png
88,MSA20i2.png
265,PSP3i2.png
161,PD18i2.png
111,MSA6i1.png
154,PD17a1.png
69,MSA17a1.png
211,PD8a2.png
136,PD12i1.png
49,MSA12a1.png
276,PSP6i1.png
163,PD19a2.png
261,PSP2i2.png
159,PD18a2.png
143,PD14a2.png
56,MSA13i2.png
171,PD20a2.png
231,PSP13a2.png
245,PSP16i2.png
51,MSA12i1.png
144,PD14i1.png
244,PSP16i1.png
29,HC7a1.png
138,PD13a1.png
202,PD6a1.png
176,PD21i1.png
2,HC21a2.png
196,PD4i2.png
43,MSA10i1.png
30,HC7a2.png
99,MSA3i1.png
55,MSA13i1.png
200,PD5i1.png
281,PSP7i2.png
5,HC22a1.png
168,PD1i1.png
96,MSA2i2.png
165,PD19i2.png
97,MSA3a1.png
195,PD4i1.png
85,MSA20a1.png
63,MSA15i1.png
179,PD22a2.png
140,PD13i1.png
44,MSA10i2.png
117,MSA8a1.png
9,HC2a1.png
17,HC4a1.png
103,MSA4i1.png
3,HC21i1.png
184,PD2a1.png
212,PD8i1.png
76,MSA18i2.png
191,PD3i1.png
118,MSA8a2.png
124,MSA9i2.png
37,HC9a1.png
239,PSP15a2.png
128,PD10i1.png
23,HC5i1.png
242,PSP16a1.png
0,HC20i2.png
80,MSA19i2.png
13,HC3a1.png
12,HC2i2.png
279,PSP7a2.png
237,PSP14i2.png
139,PD13a2.png
232,PSP13i1.png
209,PD7i2.png
121,MSA9a1.png
243,PSP16a2.png
215,PD9a2.png
146,PD15a1.png
38,HC9a2.png
131,PD11a2.png
160,PD18i1.png
87,MSA20i1.png
249,PSP17i2.png
222,PSP11a1.png
253,PSP18i2.png
82,MSA1a2.png
112,MSA6i2.png
14,HC3a2.png
254,PSP1a1.png
130,PD11a1.png
149,PD15i2.png
177,PD21i2.png
193,PD4a1.png
107,MSA5i1.png
157,PD17i2.png
272,PSP5i1.png
59,MSA14i1.png
16,HC3i2.png
220,PSP10i1.png
219,PSP10a2.png
134,PD12a1.png
70,MSA17a2.png
66,MSA16a2.png
147,PD15a2.png
52,MSA12i2.png
114,MSA7a2.png
27,HC6i1.png
247,PSP17a2.png
92,MSA21i2.png
246,PSP17a1.png
58,MSA14a2.png
186,PD2i1.png
189,PD3a2.png
47,MSA11i1.png
235,PSP14a2.png
170,PD20a1.png
167,PD1a2.png
264,PSP3i1.png
40,HC9i2.png
31,HC7i1.png
73,MSA18a1.png
18,HC4a2.png
36,HC8i2.png
201,PD5i2.png
81,MSA1a1.png
229,PSP12i2.png
33,HC8a1.png
278,PSP7a1.png
75,MSA18i1.png
153,PD16i2.png
101,MSA4a1.png
93,MSA2a1.png
48,MSA11i2.png
233,PSP13i2.png
282,PSP8a1.png
28,HC6i2.png
125,PD10a1.png
32,HC7i2.png
95,MSA2i1.png
22,HC5a2.png
218,PSP10a1.png
113,MSA7a1.png
53,MSA13a1.png
190,PD3a3.png
286,PSP9a1.png
252,PSP18i1.png
263,PSP3a2.png
204,PD6i1.png
98,MSA3a2.png
39,HC9i1.png
182,PD22i2.png
74,MSA18a2.png
227,PSP12a2.png
89,MSA21a1.png
214,PD9a1.png
148,PD15i1.png
19,HC4i1.png
234,PSP14a1.png
61,MSA15a1.png
206,PD7a1.png
110,MSA6a2.png
6,HC22a2.png
172,PD20i1.png
194,PD4a2.png
164,PD19i1.png
287,PSP9a2.png
41,MSA10a1.png
120,MSA8i2.png
20,HC4i2.png
225,PSP11i2.png
109,MSA6a1.png
90,MSA21a2.png
15,HC3i1.png
123,MSA9i1.png
178,PD22a1.png
273,PSP5i2.png
169,PD1i2.png
288,PSP9i1.png
72,MSA17i2.png
78,MSA19a2.png
216,PD9i1.png
106,MSA5a2.png
34,HC8a2.png
166,PD1a1.png
54,MSA13a2.png
84,MSA1i2.png
122,MSA9a2.png
119,MSA8i1.png
79,MSA19i1.png
274,PSP6a1.png
255,PSP1a2.png
71,MSA17i1.png
192,PD3i2.png
240,PSP15i1.png
197,PD5a1.png
230,PSP13a1.png
83,MSA1i1.png
150,PD16a1.png
236,PSP14i1.png
129,PD10i2.png
67,MSA16i1.png
1,HC21a1.png
187,PD2i2.png
62,MSA15a2.png
280,PSP7i1.png
266,PSP4a1.png
126,PD10a2.png
259,PSP2a2.png
7,HC22i1.png
267,PSP4a2.png
241,PSP15i2.png
256,PSP1i1.png
180,PD22a3.png
115,MSA7i1.png
207,PD7a2.png
208,PD7i1.png
260,PSP2i1.png
262,PSP3a1.png
183,PD22i3.png
198,PD5a2.png
116,MSA7i2.png
251,PSP18a2.png
275,PSP6a2.png
